model,accuracy
Random Forest,0.9871581809941079
Logistic Regression,0.5881250944251397
